"Keyword","Position","Previous Position","Search Volume","CPC","Url","Traffic (%)","Traffic Cost (%)","Competition","Number of Results"
"five star","11","11","33100","2.68","https://thefivestar.com/","25.27","63.55","0.02","201"
"fivestar","12","12","18100","2.68","https://thefivestar.com/","9.84","24.74","0.02","124"
"the five star","1","1","110","0.00","https://thefivestar.com/","9.62","0.00","0.00","109"
"five star institute","1","1","90","0.00","https://thefivestar.com/","7.87","0.00","0.01","106"
"the five star institute","1","1","90","0.00","https://thefivestar.com/","7.87","0.00","0.00","474000000"
"5 star institute","1","1","70","0.00","https://thefivestar.com/","6.12","0.00","0.00","143"
"five star institute dallas","1","1","70","0.00","https://thefivestar.com/","6.12","0.00","0.00","82"
"five star institute dallas tx","1","1","70","0.00","https://thefivestar.com/","6.12","0.00","0.00","20800000"
"five star conference 2025","3","3","480","0.00","https://thefivestar.com/five-star-conference/","4.26","0.00","0.00","330000000"
"five star careers","4","4","480","0.61","https://thefivestar.com/careers/","3.39","1.84","0.04","113"
"5 star conference","3","3","110","0.00","https://thefivestar.com/five-star-conference/","0.98","0.00","0.01","118"
"five star conferencing","2","2","90","0.00","https://thefivestar.com/five-star-conference/","0.76","0.00","0.01","121"
"five star conference 2025","11","11","480","0.00","https://thefivestar.com/conferences/","0.65","0.00","0.00","330000000"
"1341 w mockingbird ln","11","13","480","0.00","https://thefivestar.com/contact/","0.65","0.00","0.03","109"
"fivestar","47","47","18100","2.68","https://thefivestar.com/five-star-academy/","0.54","1.33","0.02","124"
"velocity conference","7","7","140","0.00","https://thefivestar.com/events/velocity/","0.43","0.00","0.01","136"
"five star pt","4","4","70","1.87","https://thefivestar.com/","0.43","0.71","0.12","113"
"5 star conference","5","5","110","0.00","https://thefivestar.com/events/","0.43","0.00","0.01","118"
"ddcm incorporated","4","4","70","0.00","https://jobs.thefivestar.com/profile/ddcm-incorporated/1878243/","0.43","0.00","0.02","111"
"5 star certification","4","4","70","1.45","https://thefivestar.com/certifications/","0.43","0.51","0.12","108"
"5 star careers","4","4","70","0.18","https://thefivestar.com/careers/","0.43","0.00","0.06","122"
"five star conferencing","5","5","90","0.00","https://thefivestar.com/events/","0.32","0.00","0.01","121"
"1341 west mockingbird lane dallas tx","10","10","170","0.00","https://thefivestar.com/contact/","0.32","0.00","0.03","109"
"five star academy","12","12","720","3.39","https://thefivestar.com/five-star-academy/","0.32","1.02","0.05","947000000"
"ds news","5","5","70","0.00","https://thefivestar.com/media/","0.32","0.00","0.00","626000000"
"five star com","10","10","140","11.97","https://thefivestar.com/","0.32","3.59","0.08","2670000000"
"fivesquares","9","9","110","0.00","https://thefivestar.com/","0.21","0.00","0.06","147"
"five star call center careers","15","15","590","1.63","https://thefivestar.com/careers/","0.10","0.10","0.12","364000000"
"fove star","11","11","260","2.68","https://thefivestar.com/","0.10","0.20","0.02","200"
"fuve star","8","8","50","2.68","https://thefivestar.com/","0.10","0.20","0.02","174"
"1341 west mockingbird","13","13","210","0.00","https://thefivestar.com/contact/","0.10","0.00","0.07","77"
"#fivestar","5","5","40","1.96","https://thefivestar.com/","0.10","0.10","0.04","108"
"5 star com","5","5","110","0.00","https://thefivestar.com/","0.10","0.00","0.03","143"
"1341 w mockingbird lane dallas tx","14","14","260","0.00","https://thefivestar.com/contact/","0.10","0.00","0.07","92"
"five star conference","3","3","110","0.00","https://thefivestar.com/five-star-conference/","0.10","0.00","0.00","655000000"
"five star conference","4","4","110","0.00","https://thefivestar.com/events/","0.10","0.00","0.00","655000000"
"fivestar conference","2","2","50","0.00","https://thefivestar.com/five-star-conference/","0.10","0.00","0.00","89"
"1341 west mockingbird lane dallas tx","12","12","170","0.00","https://thefivestar.com/contact/","0.10","0.00","0.03","109"
"velocity conference 2025","8","8","90","0.00","https://thefivestar.com/events/velocity/","0.10","0.00","0.33","131"
"five star certified","2","2","40","0.00","https://thefivestar.com/certifications/","0.10","0.00","0.03","312000000"
"1341 w mockingbird ln dallas tx 75247","13","13","210","0.00","https://thefivestar.com/contact/","0.10","0.00","0.05","32800"
"five star training","7","7","110","0.00","https://thefivestar.com/five-star-academy/","0.10","0.00","0.00","810000000"
"1341 w mockingbird ln dallas","11","11","140","0.00","https://thefivestar.com/contact/","0.10","0.00","0.07","85"
"five star convention","2","2","50","0.00","https://thefivestar.com/five-star-conference/","0.10","0.00","0.00","301000000"
"1341 w mockingbird ln dallas tx","12","12","170","0.00","https://thefivestar.com/contact/","0.10","0.00","0.03","94"
"stuart denyer","3","3","50","0.00","https://thefivestar.com/dt_team/stuart-denyer-co-founder-and-ceo-new-western/","0.10","0.00","0.33","147000"
"1341 w mockingbird","13","13","170","0.00","https://thefivestar.com/contact/","0.10","0.00","0.07","77"
"five start","21","21","1000","1.96","https://thefivestar.com/","0.10","0.10","0.04","2950000000"
"5starts","7","7","50","0.99","https://thefivestar.com/","0.10","0.00","0.03","2400000"
"five stare","7","7","50","2.68","https://thefivestar.com/","0.10","0.20","0.02","204"
"five star.","8","8","70","2.68","https://thefivestar.com/","0.10","0.20","0.02","173"
"five star.com","10","10","110","11.97","https://thefivestar.com/","0.10","1.12","0.08","2840000000"
"five star institute dallas tx","2","2","70","0.00","https://thefivestar.com/courses/","0.10","0.00","0.00","20800000"
"five star resume llc","4","4","90","0.00","https://jobs.thefivestar.com/pricing/","0.10","0.00","0.01","87"
"5 star life","58","58","110","4.82","https://thefivestar.com/","0.00","0.00","0.06","115"
"fice star","59","59","70","1.96","https://thefivestar.com/education/","0.00","0.00","0.04","198"
"forrester tei webinar","80","80","70","0.00","https://thefivestar.com/webinars/","0.00","0.00","0.11","109"
"forrester tei webinar","81","81","70","0.00","https://thefivestar.com/webinars/","0.00","0.00","0.11","109"
"five star conference 2025","24","24","480","0.00","https://thefivestar.com/fsc2025-assets/","0.00","0.00","0.00","330000000"
"five star conference 2025","50","50","480","0.00","https://thefivestar.com/","0.00","0.00","0.00","330000000"
"5 star franchising","55","55","70","2.15","https://thefivestar.com/","0.00","0.00","0.05","133"
"ficestar","41","41","40","1.96","https://thefivestar.com/courses/","0.00","0.00","0.04","985000000"
"ficestar","52","52","40","1.96","https://thefivestar.com/courses/","0.00","0.00","0.04","985000000"
"5 star title seguin tx","13","13","70","0.00","https://thefivestar.com/","0.00","0.00","0.33","106"
"5 star title seguin tx","30","30","70","0.00","https://thefivestar.com/communities/","0.00","0.00","0.33","106"
"five star bath solutions ceo","42","42","390","0.00","https://thefivestar.com/dt_team/","0.00","0.00","0.00","135"
"freddie mcclinton","62","62","110","0.00","https://thefivestar.com/blog/member-spotlight-michael-greenbaum/","0.00","0.00","0.33","195000"
"5-star manager","27","27","170","1.20","https://thefivestar.com/careers/","0.00","0.00","0.33","130"
"fivestr","10","10","50","1.96","https://thefivestar.com/","0.00","0.00","0.04","17200"
"five star conferencing","26","26","90","0.00","https://thefivestar.com/","0.00","0.00","0.01","121"
"five star conferencing","41","41","90","0.00","https://thefivestar.com/fsc2025-assets/","0.00","0.00","0.01","121"
"five star conferencing","59","59","90","0.00","https://thefivestar.com/memberships/","0.00","0.00","0.01","121"
"five star conferencing","63","63","90","0.00","https://thefivestar.com/careers/","0.00","0.00","0.01","121"
"five star conferencing","69","69","90","0.00","https://thefivestar.com/memberships/","0.00","0.00","0.01","121"
"five star conferencing","70","70","90","0.00","https://thefivestar.com/memberships/","0.00","0.00","0.01","121"
"five star conferencing","77","77","90","0.00","https://thefivestar.com/blog/2022-five-star-conference/","0.00","0.00","0.01","121"
"five star conferencing","82","82","90","0.00","https://thefivestar.com/blog/evolve-with-us/","0.00","0.00","0.01","121"
"five star conferencing","89","89","90","0.00","https://thefivestar.com/education/","0.00","0.00","0.01","121"
"five star five star","19","19","90","0.00","https://thefivestar.com/","0.00","0.00","0.01","2780000000"
"federation conference","20","20","110","0.00","https://thefivestar.com/events/","0.00","0.00","0.33","111"
"fivestar technology","31","31","70","0.00","https://thefivestar.com/","0.00","0.00","0.02","109"
"five star development inc","28","28","140","0.00","https://thefivestar.com/dt_team/","0.00","0.00","0.33","309000000"
"fivestars careers","13","13","50","0.00","https://thefivestar.com/careers/","0.00","0.00","0.07","97400000"
"five star history","61","61","40","0.00","https://thefivestar.com/","0.00","0.00","0.33","1240000000"
"five star group poster","19","19","210","0.00","https://thefivestar.com/","0.00","0.00","0.00","169000000"
"5 star call center remote jobs","37","37","30","0.58","https://thefivestar.com/careers/","0.00","0.00","0.20","23700000"
"fove star","57","57","260","2.68","https://thefivestar.com/education/","0.00","0.00","0.02","200"
"fove star","59","59","260","2.68","https://thefivestar.com/education/","0.00","0.00","0.02","200"
"velocity los angeles","30","30","40","0.00","https://thefivestar.com/events/velocity/","0.00","0.00","0.01","103"
"fuve star","50","50","50","2.68","https://thefivestar.com/five-star-academy/","0.00","0.00","0.02","174"
"who are the group of 5 conferences","90","90","90","0.00","https://thefivestar.com/five-star-conference/","0.00","0.00","0.33","142"
"5 star teacher login","29","29","260","0.00","https://thefivestar.com/five-star-academy/","0.00","0.00","0.33","106"
"five stars mortgage","11","0","110","7.16","https://thefivestar.com/","0.00","0.00","0.13","106"
"mortgage conferences 2025","35","35","90","0.00","https://thefivestar.com/events/","0.00","0.00","0.33","158"
"5 star academy oxford","41","41","390","0.00","https://thefivestar.com/five-star-academy/","0.00","0.00","0.01","72"
"omni practice group","16","16","140","0.00","https://jobs.thefivestar.com/profile/omni-practice-group/1986300/","0.00","0.00","0.02","108"
"#fivestar","39","39","40","1.96","https://thefivestar.com/five-star-academy/","0.00","0.00","0.04","108"
"5 five star","22","22","70","0.00","https://thefivestar.com/five-star-academy/","0.00","0.00","0.03","185"
"nixon careers","26","26","50","0.00","https://jobs.thefivestar.com/profile/nixon-peabody-llp/2032421/","0.00","0.00","0.01","72"
"fivestarva","23","23","70","0.00","https://academy.thefivestar.com/","0.00","0.00","0.29","2650"
"5 star com","48","48","110","0.00","https://thefivestar.com/five-star-academy/","0.00","0.00","0.03","143"
"5 star com","58","58","110","0.00","https://thefivestar.com/education/","0.00","0.00","0.03","143"
"nixon peabody jobs","22","22","70","0.00","https://jobs.thefivestar.com/profile/nixon-peabody-llp/2032421/","0.00","0.00","0.33","107"
"five star online","50","50","170","4.70","https://thefivestar.com/","0.00","0.00","0.03","2150000000"
"5 star award","44","44","40","5.47","https://thefivestar.com/","0.00","0.00","0.64","168"
"5 star award","57","57","40","5.47","https://thefivestar.com/five-star-academy/","0.00","0.00","0.64","168"
"fsc dallas tx","68","68","90","0.00","https://thefivestar.com/fsc2025-assets/","0.00","0.00","0.00","138000"
"imn mortgage servicing rights conference","47","47","40","0.00","https://thefivestar.com/conferences/","0.00","0.00","0.33","8210"
"fivestar professional","7","7","50","0.00","https://thefivestar.com/","0.00","0.00","0.00","138000000"
"five star dallas","7","7","110","1.03","https://thefivestar.com/","0.00","0.00","0.16","114"
"international five star","17","17","110","0.75","https://thefivestar.com/","0.00","0.00","0.05","1420000000"
"five star conference","7","7","110","0.00","https://thefivestar.com/conferences/","0.00","0.00","0.00","655000000"
"five star conference","25","25","110","0.00","https://thefivestar.com/","0.00","0.00","0.00","655000000"
"five star conference","41","41","110","0.00","https://thefivestar.com/fsc2025-assets/","0.00","0.00","0.00","655000000"
"5 star bank careers","22","22","140","0.00","https://jobs.thefivestar.com/","0.00","0.00","0.01","107"
"five star res","53","53","50","0.00","https://thefivestar.com/education/","0.00","0.00","0.33","122"
"fcpg marketing conferences 2026","70","70","40","0.00","https://thefivestar.com/events/","0.00","0.00","0.00","9320"
"five star academy oxford","18","18","90","0.00","https://thefivestar.com/five-star-academy/","0.00","0.00","0.01","106000000"
"five star academy oxford","29","29","90","0.00","https://thefivestar.com/five-star-academy/","0.00","0.00","0.01","106000000"
"five star academy oxford","41","41","90","0.00","https://thefivestar.com/education/","0.00","0.00","0.01","106000000"
"five star academy oxford","75","75","90","0.00","https://thefivestar.com/education/","0.00","0.00","0.01","106000000"
"tmba southern secondary","37","37","40","0.00","https://thefivestar.com/events/","0.00","0.00","0.33","106"
"short term rental conferences 2023","70","70","40","0.00","https://thefivestar.com/conferences/single-family-rental-summit/","0.00","0.00","0.00","112"
"five star professional","17","17","260","0.00","https://thefivestar.com/","0.00","0.00","0.00","902000000"
"five star professional","34","34","260","0.00","https://thefivestar.com/education/","0.00","0.00","0.00","902000000"
"five star professional","86","86","260","0.00","https://thefivestar.com/education/","0.00","0.00","0.00","902000000"
"fivestar conference","3","3","50","0.00","https://thefivestar.com/conferences/","0.00","0.00","0.00","89"
"fivestar conference","7","7","50","0.00","https://thefivestar.com/events/","0.00","0.00","0.00","89"
"what are the group of five conferences","60","60","40","0.00","https://thefivestar.com/five-star-conference/","0.00","0.00","0.33","146000000"
"5 stars prod","24","24","50","0.00","https://thefivestar.com/","0.00","0.00","0.29","77"
"western states cref conference","60","60","70","0.00","https://thefivestar.com/events/","0.00","0.00","0.01","122"
"old capital conference","80","80","40","0.00","https://thefivestar.com/conferences/","0.00","0.00","0.33","414000000"
"safeguardproperties.com company name","79","79","40","0.00","https://thefivestar.com/resources/","0.00","0.00","0.00","37700"
"five star call center remote","21","21","140","0.00","https://thefivestar.com/careers/","0.00","0.00","0.14","120"
"five star call center remote","31","31","140","0.00","https://thefivestar.com/careers/","0.00","0.00","0.14","120"
"stars conference 2025","52","52","50","0.00","https://thefivestar.com/conferences/","0.00","0.00","0.00","63"
"five brothers property preservation","26","26","50","4.22","https://thefivestar.com/communities/","0.00","0.00","0.26","106"
"5 star community","31","31","90","0.00","https://thefivestar.com/","0.00","0.00","0.01","2740000000"
"5 star community","42","42","90","0.00","https://thefivestar.com/","0.00","0.00","0.01","2740000000"
"fivestar students","29","29","480","0.01","https://thefivestar.com/five-star-academy/","0.00","0.00","0.01","116"
"five star call","29","29","40","7.46","https://thefivestar.com/","0.00","0.00","0.24","132"
"mortgage innovators conference 2025","64","64","50","0.00","https://thefivestar.com/five-star-conference/","0.00","0.00","0.33","441000"
"5 star training","36","36","140","0.00","https://thefivestar.com/five-star-academy/","0.00","0.00","0.01","136"
"5 star training","61","61","140","0.00","https://thefivestar.com/courses/","0.00","0.00","0.01","136"
"5 star training","81","81","140","0.00","https://thefivestar.com/education/","0.00","0.00","0.01","136"
"5 star training","94","94","140","0.00","https://thefivestar.com/certifications/","0.00","0.00","0.01","136"
"five star bank jobs","31","31","260","0.00","https://jobs.thefivestar.com/jobs/","0.00","0.00","0.01","110"
"velocity conference 2025","23","23","90","0.00","https://thefivestar.com/events/","0.00","0.00","0.33","131"
"five star registration","48","48","260","6.08","https://thefivestar.com/five-star-academy/","0.00","0.00","0.15","106"
"five star registration","50","50","260","6.08","https://thefivestar.com/five-star-academy/","0.00","0.00","0.15","106"
"five star certified","24","24","40","0.00","https://thefivestar.com/","0.00","0.00","0.03","312000000"
"five star certified","31","31","40","0.00","https://thefivestar.com/courses/","0.00","0.00","0.03","312000000"
"five star certified","53","53","40","0.00","https://thefivestar.com/courses/","0.00","0.00","0.03","312000000"
"five star certified","61","61","40","0.00","https://thefivestar.com/five-star-academy/","0.00","0.00","0.03","312000000"
"five star training","42","42","110","0.00","https://thefivestar.com/courses/","0.00","0.00","0.00","810000000"
"five star professional real estate agent","68","68","40","0.00","https://thefivestar.com/education/","0.00","0.00","0.33","176000"
"what are the power five conferences","88","88","140","0.00","https://thefivestar.com/conferences/","0.00","0.00","0.00","141000000"
"jim hastings","42","42","70","0.00","https://thefivestar.com/blog/member-spotlight-jim-hastings/","0.00","0.00","0.33","106"
"five atar","11","11","90","1.96","https://thefivestar.com/","0.00","0.00","0.04","168"
"five atar","52","52","90","1.96","https://thefivestar.com/education/","0.00","0.00","0.04","168"
"five star day","39","39","50","0.00","https://thefivestar.com/","0.00","0.00","0.33","107"
"5 star staff","42","42","50","0.00","https://thefivestar.com/careers/","0.00","0.00","0.33","167"
"fivestarstudent","15","15","720","0.01","https://thefivestar.com/five-star-academy/","0.00","0.00","0.01","153"
"five star group","14","14","590","0.00","https://thefivestar.com/","0.00","0.00","0.00","103"
"lvnx 2025","78","78","40","0.00","https://thefivestar.com/events/","0.00","0.00","0.33","107"
"fivestar application","18","18","170","4.90","https://thefivestar.com/careers/","0.00","0.00","0.02","137"
"5-star teacher login","18","18","90","0.00","https://thefivestar.com/five-star-academy/","0.00","0.00","0.33","49"
"re certificate","59","59","40","0.00","https://thefivestar.com/certifications/","0.00","0.00","0.01","124"
"five star executives","14","14","70","0.00","https://thefivestar.com/","0.00","0.00","0.33","570000000"
"five star life","40","40","210","0.00","https://thefivestar.com/","0.00","0.00","0.01","1670000000"
"five star life","92","92","210","0.00","https://thefivestar.com/","0.00","0.00","0.01","1670000000"
"eric delgado","38","38","260","0.00","https://thefivestar.com/dt_team/eric-delgado-director-mcm-capital/","0.00","0.00","0.00","23200000"
"five star portfolio","87","87","50","0.00","https://thefivestar.com/","0.00","0.00","0.75","162000000"
"five star convention","5","5","50","0.00","https://thefivestar.com/conferences/","0.00","0.00","0.00","301000000"
"five star convention","12","12","50","0.00","https://thefivestar.com/events/","0.00","0.00","0.00","301000000"
"five star convention","33","33","50","0.00","https://thefivestar.com/","0.00","0.00","0.00","301000000"
"fivestsr","14","14","40","1.96","https://thefivestar.com/","0.00","0.00","0.04","202"
"fivestsr","60","60","40","1.96","https://thefivestar.com/education/","0.00","0.00","0.04","202"
"five star international","14","14","590","0.75","https://thefivestar.com/","0.00","0.00","0.05","96"
"five starr","17","17","110","1.96","https://thefivestar.com/","0.00","0.00","0.04","269000000"
"five starr","33","33","110","1.96","https://thefivestar.com/","0.00","0.00","0.04","269000000"
"five star bank careers","27","27","390","0.00","https://jobs.thefivestar.com/","0.00","0.00","0.01","249000000"
"five star bank careers","63","63","390","0.00","https://jobs.thefivestar.com/jobs/","0.00","0.00","0.01","249000000"
"the assets of dallas","84","84","170","0.00","https://thefivestar.com/fsc2025-assets/","0.00","0.00","0.00","112000000"
"5th corporate policies and asset prices conference","41","41","320","0.00","https://thefivestar.com/five-star-conference/","0.00","0.00","0.00","36900000"
"five star billionaire","38","38","70","0.00","https://thefivestar.com/","0.00","0.00","0.04","105"
"five star billionaire","47","47","70","0.00","https://thefivestar.com/","0.00","0.00","0.04","105"
"fivestar lifestyles","14","14","140","0.00","https://thefivestar.com/","0.00","0.00","0.01","36200000"
"fivestar lifestyles","26","26","140","0.00","https://thefivestar.com/","0.00","0.00","0.01","36200000"
"fivestar lifestyles","57","57","140","0.00","https://thefivestar.com/courses/","0.00","0.00","0.01","36200000"
"fivestar lifestyles","93","93","140","0.00","https://thefivestar.com/courses/","0.00","0.00","0.01","36200000"
"fivester","7","7","30","1.96","https://thefivestar.com/","0.00","0.00","0.04","73000"
"five star oxford","32","32","140","1.16","https://thefivestar.com/five-star-academy/","0.00","0.00","0.01","171"
"529 conference","40","40","40","0.00","https://thefivestar.com/events/","0.00","0.00","0.02","166"
"five star premier dallas","36","36","170","0.92","https://thefivestar.com/","0.00","0.00","0.13","9650000"
"five star premier dallas","62","62","170","0.92","https://thefivestar.com/","0.00","0.00","0.13","9650000"
"five star brokerage","28","28","40","0.00","https://thefivestar.com/courses/","0.00","0.00","0.07","15500000"
"5star points","36","36","70","1.81","https://thefivestar.com/five-star-academy/","0.00","0.00","0.01","113"
"fiver star","16","16","40","0.00","https://thefivestar.com/","0.00","0.00","0.00","2860000000"
"stuart denyer","9","9","50","0.00","https://thefivestar.com/dt_team/","0.00","0.00","0.33","147000"
"mike rawls","24","24","40","0.00","https://thefivestar.com/blog/novemeber-3-mike-rawls/","0.00","0.00","0.33","82"
"maxx conference 2025","44","44","40","0.00","https://thefivestar.com/events/","0.00","0.00","0.33","141"
"michael greenbaum","16","16","170","0.00","https://thefivestar.com/blog/member-spotlight-michael-greenbaum/","0.00","0.00","0.00","2470000"
"fige star","12","12","50","2.68","https://thefivestar.com/","0.00","0.00","0.02","186"
"fige star","47","47","50","2.68","https://thefivestar.com/five-star-academy/","0.00","0.00","0.02","186"
"fige star","63","63","50","2.68","https://thefivestar.com/education/","0.00","0.00","0.02","186"
"five stat","11","11","140","2.68","https://thefivestar.com/","0.00","0.00","0.02","168"
"five stat","52","52","140","2.68","https://thefivestar.com/education/","0.00","0.00","0.02","168"
"five star credit union jobs","16","16","70","0.20","https://jobs.thefivestar.com/","0.00","0.00","0.02","95"
"5 star pro","35","35","140","0.00","https://thefivestar.com/education/","0.00","0.00","0.33","174"
"five star call centers careers","17","17","390","1.63","https://thefivestar.com/careers/","0.00","0.00","0.12","300000000"
"fivstar","11","11","50","1.96","https://thefivestar.com/","0.00","0.00","0.04","154000000"
"five-star","13","13","140","1.96","https://thefivestar.com/","0.00","0.00","0.04","2880000000"
"five stae","50","50","50","2.68","https://thefivestar.com/education/","0.00","0.00","0.02","181"
"five star title seguin texas","17","17","70","0.00","https://thefivestar.com/","0.00","0.00","0.33","166"
"five star title seguin texas","21","21","70","0.00","https://thefivestar.com/communities/","0.00","0.00","0.33","166"
"5 start","45","45","110","0.30","https://thefivestar.com/five-star-academy/","0.00","0.00","0.01","5680000000"
"five star llc","8","8","70","0.00","https://thefivestar.com/","0.00","0.00","0.01","118"
"bpo certification","65","65","40","3.66","https://thefivestar.com/certifications/","0.00","0.00","0.09","7600000"
"bpo certification","71","71","40","3.66","https://thefivestar.com/certifications/","0.00","0.00","0.09","7600000"
"five star lifestyles","24","24","110","0.00","https://thefivestar.com/","0.00","0.00","0.01","108"
"5start","20","20","90","0.30","https://thefivestar.com/","0.00","0.00","0.01","192"
"5 star professional","23","23","170","0.00","https://thefivestar.com/","0.00","0.00","0.00","124"
"five star professional award","18","0","110","0.00","https://thefivestar.com/memberships-old/real-estate-professionals/","0.00","0.00","0.33","165"
"when is stake conference 2025","58","58","40","0.00","https://thefivestar.com/fsc2025-assets/","0.00","0.00","0.33","147"
"five star trust","34","34","40","0.00","https://thefivestar.com/news/","0.00","0.00","0.33","61"
"fivestart","11","11","210","1.96","https://thefivestar.com/","0.00","0.00","0.04","102"
"fivestart","51","51","210","1.96","https://thefivestar.com/education/","0.00","0.00","0.04","102"
"five star credit union careers","15","15","70","0.20","https://jobs.thefivestar.com/","0.00","0.00","0.02","36000000"
"five star credit union careers","45","45","70","0.20","https://jobs.thefivestar.com/jobs/","0.00","0.00","0.02","36000000"
"five star credit union careers","51","51","70","0.20","https://jobs.thefivestar.com/jobs/","0.00","0.00","0.02","36000000"
"five star credit union careers","91","91","70","0.20","https://jobs.thefivestar.com/home/","0.00","0.00","0.02","36000000"
"five sta","13","13","110","2.68","https://thefivestar.com/","0.00","0.00","0.02","172"
"five sta","54","54","110","2.68","https://thefivestar.com/education/","0.00","0.00","0.02","172"
"five star tech","42","42","90","0.00","https://thefivestar.com/five-star-academy/","0.00","0.00","0.02","153"
"maintenance repair and overhaul conference","89","89","50","0.00","https://thefivestar.com/conferences/","0.00","0.00","0.05","161"
"five star training center","15","15","170","0.00","https://thefivestar.com/five-star-academy/","0.00","0.00","0.05","109"
"five star training center","20","20","170","0.00","https://thefivestar.com/five-star-academy/","0.00","0.00","0.05","109"
"five star training center","51","51","170","0.00","https://thefivestar.com/education/","0.00","0.00","0.05","109"
"5star agency","43","43","30","3.39","https://thefivestar.com/careers/","0.00","0.00","0.11","139"
"service star capital management","13","13","40","0.00","https://thefivestar.com/dt_team/","0.00","0.00","0.33","258000000"
"service star capital management","41","41","40","0.00","https://thefivestar.com/dt_team/","0.00","0.00","0.33","258000000"
"5-star","94","94","720","0.30","https://thefivestar.com/five-star-academy/","0.00","0.00","0.01","5480000000"
"five star pt","42","42","70","1.87","https://thefivestar.com/five-star-academy/","0.00","0.00","0.12","113"
"five star pt","54","54","70","1.87","https://thefivestar.com/education/","0.00","0.00","0.12","113"
"5stark","11","11","30","1.46","https://thefivestar.com/","0.00","0.00","0.17","115000"
"5stark","69","69","30","1.46","https://thefivestar.com/careers/","0.00","0.00","0.17","115000"
"5 star conference","26","26","110","0.00","https://thefivestar.com/","0.00","0.00","0.01","118"
"5 star conference","45","45","110","0.00","https://thefivestar.com/fsc2025-assets/","0.00","0.00","0.01","118"
"5 star conference","59","59","110","0.00","https://thefivestar.com/who-we-are/","0.00","0.00","0.01","118"
"5 star conference","69","69","110","0.00","https://thefivestar.com/conferences/single-family-rental-summit/","0.00","0.00","0.01","118"
"5 star conference","80","80","110","0.00","https://thefivestar.com/events/velocity/","0.00","0.00","0.01","118"
"5 star conference","81","81","110","0.00","https://thefivestar.com/blog/evolve-with-us/","0.00","0.00","0.01","118"
"5 star conference","82","82","110","0.00","https://thefivestar.com/memberships/","0.00","0.00","0.01","118"
"5 star conference","83","83","110","0.00","https://thefivestar.com/fsc2024-asset/","0.00","0.00","0.01","118"
"5 star conference","84","84","110","0.00","https://thefivestar.com/education/","0.00","0.00","0.01","118"
"cham conference 2025","16","16","90","0.00","https://thefivestar.com/events/","0.00","0.00","0.33","109"
"northstar conference 2025","48","48","90","0.00","https://thefivestar.com/conferences/","0.00","0.00","0.33","1410000"
"imn sfr","50","50","50","0.00","https://thefivestar.com/conferences/single-family-rental-summit/","0.00","0.00","0.14","102"
"5star]","35","35","90","0.30","https://thefivestar.com/five-star-academy/","0.00","0.00","0.01","142"
"five star team","11","11","40","0.00","https://thefivestar.com/","0.00","0.00","0.33","1590000000"
"5starts","94","94","50","0.99","https://thefivestar.com/education/","0.00","0.00","0.03","2400000"
"five stars management","31","31","70","1.79","https://thefivestar.com/","0.00","0.00","0.03","108"
"velocity rio","9","9","110","0.00","https://thefivestar.com/events/velocity/","0.00","0.00","0.01","15900000"
"five star application","35","35","320","4.97","https://thefivestar.com/careers/","0.00","0.00","0.06","579000000"
"call five star","35","35","40","7.46","https://thefivestar.com/","0.00","0.00","0.24","1940000000"
"waystar conference 2025","41","41","50","0.00","https://thefivestar.com/events/","0.00","0.00","0.00","106"
"serious business 2026","65","65","170","0.00","https://thefivestar.com/events/","0.00","0.00","0.03","137"
"serious business 2026","77","77","170","0.00","https://thefivestar.com/events/","0.00","0.00","0.03","137"
"five star finance","15","15","170","7.94","https://thefivestar.com/","0.00","0.00","0.09","139"
"5 star.com","6","6","50","0.00","https://thefivestar.com/","0.00","0.00","0.03","5370000000"
"financial services webinar series","38","38","70","0.00","https://thefivestar.com/webinars/","0.00","0.00","0.00","138000000"
"financial services webinar series","49","49","70","0.00","https://thefivestar.com/webinars/","0.00","0.00","0.00","138000000"
"five star.","48","48","70","2.68","https://thefivestar.com/five-star-academy/","0.00","0.00","0.02","173"
"five star.","64","64","70","2.68","https://thefivestar.com/education/","0.00","0.00","0.02","173"
"five star.com","92","92","110","11.97","https://thefivestar.com/webinars/","0.00","0.00","0.08","2840000000"
"five stsr","13","13","40","0.00","https://thefivestar.com/","0.00","0.00","0.00","2860000000"
"five star institute dallas tx","4","4","70","0.00","https://thefivestar.com/conferences/","0.00","0.00","0.00","20800000"
"five star institute dallas tx","5","5","70","0.00","https://thefivestar.com/contact/","0.00","0.00","0.00","20800000"
"five star institute dallas tx","8","8","70","0.00","https://thefivestar.com/careers/","0.00","0.00","0.00","20800000"
"five star institute dallas tx","12","12","70","0.00","https://thefivestar.com/communities/","0.00","0.00","0.00","20800000"
"five star institute dallas tx","15","15","70","0.00","https://thefivestar.com/events/","0.00","0.00","0.00","20800000"
"five star institute dallas tx","18","18","70","0.00","https://thefivestar.com/dt_team/","0.00","0.00","0.00","20800000"
"five star institute dallas tx","21","21","70","0.00","https://thefivestar.com/blog/course/short-sales/","0.00","0.00","0.00","20800000"
"five star institute dallas tx","24","24","70","0.00","https://thefivestar.com/education/","0.00","0.00","0.00","20800000"
"five star institute dallas tx","27","27","70","0.00","https://thefivestar.com/certifications/","0.00","0.00","0.00","20800000"
"five star institute dallas tx","30","30","70","0.00","https://thefivestar.com/five-star-conference/","0.00","0.00","0.00","20800000"
"five star institute dallas tx","35","35","70","0.00","https://thefivestar.com/education/","0.00","0.00","0.00","20800000"
"five star institute dallas tx","39","39","70","0.00","https://thefivestar.com/five-star-conference/","0.00","0.00","0.00","20800000"
"five star institute dallas tx","46","46","70","0.00","https://thefivestar.com/privacy/","0.00","0.00","0.00","20800000"
"five star institute dallas tx","52","52","70","0.00","https://thefivestar.com/five-star-access/","0.00","0.00","0.00","20800000"
"five star institute dallas tx","56","56","70","0.00","https://thefivestar.com/seminars/","0.00","0.00","0.00","20800000"
"five star institute dallas tx","60","60","70","0.00","https://thefivestar.com/seminars/","0.00","0.00","0.00","20800000"
"five star institute dallas tx","68","68","70","0.00","https://thefivestar.com/communities/real-estate-professionals/","0.00","0.00","0.00","20800000"
"five star institute dallas tx","73","73","70","0.00","https://thefivestar.com/webinars/","0.00","0.00","0.00","20800000"
"five star institute dallas tx","79","79","70","0.00","https://thefivestar.com/webinars/","0.00","0.00","0.00","20800000"
"five star institute dallas tx","86","86","70","0.00","https://thefivestar.com/blog/2022/06/22/","0.00","0.00","0.00","20800000"
"five star institute dallas tx","93","93","70","0.00","https://thefivestar.com/five-star-academy/","0.00","0.00","0.00","20800000"
"1341 w mockingbird lane","12","12","70","0.00","https://thefivestar.com/contact/","0.00","0.00","0.01","99"
"5 star certification","27","27","70","1.45","https://thefivestar.com/sfr-certification/","0.00","0.00","0.12","108"
"5 star certification","54","54","70","1.45","https://thefivestar.com/courses/","0.00","0.00","0.12","108"
"5 star certification","57","57","70","1.45","https://thefivestar.com/courses/","0.00","0.00","0.12","108"
"5 star certification","71","71","70","1.45","https://thefivestar.com/courses/","0.00","0.00","0.12","108"
"5 star certification","80","80","70","1.45","https://thefivestar.com/courses/","0.00","0.00","0.12","108"
"5 star certification","90","90","70","1.45","https://thefivestar.com/","0.00","0.00","0.12","108"
"5 star website","13","13","50","0.00","https://thefivestar.com/","0.00","0.00","0.33","117"
"5 star website","47","47","50","0.00","https://thefivestar.com/education/","0.00","0.00","0.33","117"
"5 star website","62","62","50","0.00","https://thefivestar.com/five-star-academy/","0.00","0.00","0.33","117"
"5 star website","75","75","50","0.00","https://thefivestar.com/news/","0.00","0.00","0.33","117"
"5 star application","15","15","260","0.22","https://thefivestar.com/careers/","0.00","0.00","0.02","1550000000"
"5 star application","40","40","260","0.22","https://thefivestar.com/careers/","0.00","0.00","0.02","1550000000"
"five star foundation","47","47","70","7.77","https://thefivestar.com/education/","0.00","0.00","0.06","168"
"five star technology","43","0","110","0.00","https://thefivestar.com/education/","0.00","0.00","0.02","108"
"5 star points","30","30","390","1.81","https://thefivestar.com/five-star-academy/","0.00","0.00","0.01","118"
"chera","32","32","590","0.00","https://thefivestar.com/dt_team/martin-chera-president-express-capital/","0.00","0.00","0.01","1470000"
"fivestar registration","43","43","70","6.08","https://thefivestar.com/five-star-academy/","0.00","0.00","0.15","110"
"5star community","57","57","50","0.00","https://thefivestar.com/","0.00","0.00","0.01","94500000"
"five star resume llc","8","8","90","0.00","https://jobs.thefivestar.com/pricing/","0.00","0.00","0.01","87"
"five star resume llc","14","14","90","0.00","https://jobs.thefivestar.com/career-advice/","0.00","0.00","0.01","87"
"five star resume llc","20","20","90","0.00","https://jobs.thefivestar.com/employer/resumes/results/","0.00","0.00","0.01","87"
"five star resume llc","32","32","90","0.00","https://jobs.thefivestar.com/employer/resumes/results/","0.00","0.00","0.01","87"
"five star resume llc","55","55","90","0.00","https://jobs.thefivestar.com/career-advice/career-growth/","0.00","0.00","0.01","87"
"five star business","34","34","140","11.81","https://thefivestar.com/","0.00","0.00","0.07","144"
"5 star jobs","8","8","40","0.00","https://thefivestar.com/careers/","0.00","0.00","0.03","1700000000"
"bruman conference 2025","65","65","50","0.00","https://thefivestar.com/events/","0.00","0.00","0.33","4970"
