id,slug,builder,in_nav,modified,disposition,reason,title
2725,webinars,WPB,nav,2026-07-10,MIGRATE,WPBakery + in nav,Virtual Events
5380,join-five-star-access,WPB,-,2026-07-02,MIGRATE,owner: keep,Join Five Star Access
5386,join-five-star-alliance,WPB,-,2026-06-24,MIGRATE,owner: keep,Join Five Star Alliance
2683,conferences,WPB,nav,2026-05-12,MIGRATE,WPBakery + organic traffic,Conferences
2597,memberships-old,WPB,-,2026-04-30,TRASH,superseded/old duplicate,Memberships (Old WPBakery)
363,home,WPB+ELE,nav,2026-03-09,MIGRATE,WPBakery + organic traffic,Home
2660,media,WPB,nav,2025-11-21,MIGRATE,WPBakery + organic traffic,Media
4965,reif-2,WPB,-,2025-09-16,TRASH,plan trash set,Real Estate Investment Forum Deal Room
3146,five-star-conference,WPB,-,2025-07-18,MIGRATE,WPBakery + organic traffic,Five Star Conference
2784,careers,WPB,nav,2024-02-29,MIGRATE,WPBakery + organic traffic,Careers
4407,key_concepts,WPB,-,2024-02-27,TRASH,WPBakery, no nav, no traffic, old,Realtor Lead Gen - Key Concepts
4358,lander,WPB,-,2024-01-19,TRASH,WPBakery, no nav, no traffic, old,Lander
13,contact,WPB,nav,2023-11-16,MIGRATE,WPBakery + organic traffic,Contact
4081,five-star-academy,WPB,-,2023-08-21,MIGRATE,WPBakery + organic traffic,Five Star Academy
3344,sponsored-lander,WPB,-,2023-07-06,TRASH,WPBakery, no nav, no traffic, old,Sponsored Lander
2916,amaa-directory,WPB,-,2023-07-06,TRASH,owner: retire (dup/unused),AM&amp;AA Directory
3208,fsi-lander-fb,WPB,-,2023-07-06,TRASH,WPBakery, no nav, no traffic, old,FSI Lander FB
3202,fsi-lander,WPB,-,2023-07-06,TRASH,WPBakery, no nav, no traffic, old,FSI Lander
3211,fsi-lander-google,WPB,-,2023-07-06,TRASH,WPBakery, no nav, no traffic, old,FSI Lander Google
2949,covid-19-press-release,WPB,-,2023-07-06,TRASH,WPBakery, no nav, no traffic, old,COVID-19 Press Release
2872,advertising-lander,WPB,-,2023-07-06,TRASH,WPBakery, no nav, no traffic, old,Advertising Lander
2861,2022-ll100-lander,WPB,-,2023-07-06,TRASH,WPBakery, no nav, no traffic, old,2022 LL100 Lander
2542,news,WPB,-,2023-07-06,TRASH,owner: retire (dup/unused),News
2831,2022-government-forum-lander,WPB,-,2023-07-06,TRASH,WPBakery, no nav, no traffic, old,2022 Government Forum Lander
2803,2022-di-symposium-lander,WPB,-,2023-07-06,TRASH,WPBakery, no nav, no traffic, old,2022 D&amp;I Symposium Lander
2795,2021-five-star-conference-marketing-assets,WPB,-,2023-07-06,TRASH,WPBakery, no nav, no traffic, old,2021 Five Star Conference Marketing Assets
9,resources,WPB,nav,2023-07-06,MIGRATE,WPBakery + in nav,Resources
3266,havana-nights,WPB,-,2023-07-06,TRASH,WPBakery, no nav, no traffic, old,Havana Nights
3269,havana-nights-landing,WPB,-,2023-07-06,TRASH,WPBakery, no nav, no traffic, old,Havana Nights Landing
2630,speakers,WPB,-,2023-07-06,TRASH,WPBakery, no nav, no traffic, old,Speakers
3579,legal-league-servicers-summit,WPB,-,2023-07-06,TRASH,WPBakery, no nav, no traffic, old,Legal League Servicers Summit
3552,government-forum,WPB,-,2023-07-06,TRASH,WPBakery, no nav, no traffic, old,GOVERNMENT FORUM
3292,single-family-rental-summit-assets,WPB,-,2023-07-06,TRASH,WPBakery, no nav, no traffic, old,Single-Family Rental Summit Assets
2931,cloud-nine,WPB,-,2023-07-06,TRASH,WPBakery, no nav, no traffic, old,Cloud Nine
2934,cloud-nine-landing,WPB,-,2023-07-06,TRASH,WPBakery, no nav, no traffic, old,Cloud-Nine-Landing
2952,single-family-rental-summit,WPB,-,2023-07-06,TRASH,WPBakery, no nav, no traffic, old,SINGLE-FAMILY RENTAL SUMMIT
3140,event-photos,WPB,-,2023-07-06,TRASH,WPBakery, no nav, no traffic, old,Event Photos
3193,five-star-event-speaker-and-sponsor-assets,WPB,-,2023-07-06,TRASH,WPBakery, no nav, no traffic, old,Five Star Event Speaker and Sponsor Assets
3283,privacy,WPB,-,2023-07-06,MIGRATE,legal - keep,Privacy
3122,diversity-inclusion-symposium-assets,WPB,-,2023-07-06,TRASH,WPBakery, no nav, no traffic, old,Diversity &amp; Inclusion Symposium Assets
3801,gf-event-assets,WPB,-,2023-07-06,TRASH,WPBakery, no nav, no traffic, old,GF Event Assets
3213,government-forum-assets,WPB,-,2023-07-06,TRASH,WPBakery, no nav, no traffic, old,Government Forum Assets
3272,legal-league-100-servicer-summit-assets,WPB,-,2023-07-06,TRASH,WPBakery, no nav, no traffic, old,Legal League 100 Servicer Summit Assets
3471,contact-update,WPB,-,2023-07-06,TRASH,plan trash set,contact update
3286,rockin-in-the-rockies,WPB,-,2023-07-06,TRASH,WPBakery, no nav, no traffic, old,Rockin in the Rockies
3280,motown-throwdown,WPB,-,2023-07-06,TRASH,WPBakery, no nav, no traffic, old,Motown Throwdown
2937,confirmation,WPB,-,2023-07-06,MIGRATE,owner: keep,Confirmation
5135,real-estate-professionals,ELE,nav,2026-07-09,LEAVE,already Elementor - re-author in R4,Real Estate Professionals
5115,real-estate-professionals-1,ELE,-,2026-07-02,TRASH,owner: retire (dup/unused),Real Estate Professionals
5402,fsc2026-assets,ELE,-,2026-06-26,LEAVE,already Elementor - re-author in R4,FSC2026 Assets
5128,alliance,ELE,-,2026-05-18,LEAVE,already Elementor - re-author in R4,Five Star Alliance
5127,offers,ELE,-,2026-05-16,LEAVE,already Elementor - re-author in R4,FSI Offers
5089,events,ELE,nav,2026-05-01,LEAVE,already Elementor - re-author in R4,Events
5114,communities,ELE,nav,2026-04-30,LEAVE,already Elementor - re-author in R4,Communities
5113,memberships,ELE,nav,2026-04-30,LEAVE,already Elementor - re-author in R4,Memberships
5110,velocity,ELE,nav,2026-04-30,LEAVE,already Elementor - re-author in R4,Velocity
5088,velocity-old,plain,-,2026-04-30,TRASH,superseded/old duplicate,Velocity (Old WPBakery)
5086,who-we-are,plain,-,2026-04-18,MIGRATE,owner: keep,Who We Are
5087,real-estate-professionals,plain,-,2026-04-18,TRASH,superseded/old duplicate,Real Estate Professionals
5051,member-benefits,ELE,-,2026-04-15,LEAVE,already Elementor - re-author in R4,Member Benefits
4909,home-2,ELE,-,2026-02-13,TRASH,plan trash set,Home
4993,five-star-access,ELE,-,2026-01-07,LEAVE,already Elementor - re-author in R4,Five Star Access
4970,reif,ELE,-,2025-09-16,LEAVE,already Elementor - re-author in R4,Real Estate Investment Forum Deal Room
4912,fsc2025-assets,ELE,-,2025-08-12,TRASH,plan trash set,FSC2025 Assets
4560,education,ELE,-,2025-01-02,LEAVE,already Elementor - re-author in R4,Education
4860,velocity-stay-informed-sign-up-for-exclusive-updates-and-offers,ELE,-,2024-11-19,LEAVE,already Elementor - re-author in R4,Velocity- Stay Informed: Sign Up for Exclusive Updates and Offers
4550,certifications,ELE,-,2024-08-27,LEAVE,already Elementor - re-author in R4,Certifications
4556,courses,ELE,-,2024-08-27,LEAVE,already Elementor - re-author in R4,Courses
4829,fscme-2024,ELE,-,2024-08-12,TRASH,plan trash set,FSC&Me 2024
4757,fsc2024-asset,ELE,-,2024-07-23,TRASH,plan trash set,FSC2024 Asset
4558,seminars,ELE,-,2024-06-25,LEAVE,already Elementor - re-author in R4,Seminars
4436,velocity,ELE,-,2024-03-05,TRASH,owner: retire (dup/unused),Velocity
3290,sfr-certification,plain,-,2023-07-06,TRASH,plain, no nav/traffic,SFR Certification
