source_sitemap,url
page,https://thefivestar.com/
page,https://thefivestar.com/memberships/alliance/
page,https://thefivestar.com/resources/offers/
page,https://thefivestar.com/conferences/
page,https://thefivestar.com/events/
page,https://thefivestar.com/communities/real-estate-professionals/
page,https://thefivestar.com/communities/
page,https://thefivestar.com/memberships/
page,https://thefivestar.com/memberships-old/
page,https://thefivestar.com/events/velocity/
page,https://thefivestar.com/events/velocity-old/
page,https://thefivestar.com/who-we-are/
page,https://thefivestar.com/memberships-old/real-estate-professionals/
page,https://thefivestar.com/member-benefits/
page,https://thefivestar.com/five-star-access/
page,https://thefivestar.com/webinars/
page,https://thefivestar.com/media/
page,https://thefivestar.com/reif/
page,https://thefivestar.com/reif-2/
page,https://thefivestar.com/fsc2025-assets/
page,https://thefivestar.com/five-star-conference/
page,https://thefivestar.com/education/
page,https://thefivestar.com/velocity-stay-informed-sign-up-for-exclusive-updates-and-offers/
page,https://thefivestar.com/certifications/
page,https://thefivestar.com/courses/
page,https://thefivestar.com/fscme-2024/
page,https://thefivestar.com/fsc2024-asset/
page,https://thefivestar.com/seminars/
page,https://thefivestar.com/velocity/
page,https://thefivestar.com/careers/
page,https://thefivestar.com/key_concepts/
page,https://thefivestar.com/lander/
page,https://thefivestar.com/contact/
page,https://thefivestar.com/five-star-academy/
page,https://thefivestar.com/sponsored-lander/
page,https://thefivestar.com/news/
page,https://thefivestar.com/2022-ll100-lander/
page,https://thefivestar.com/advertising-lander/
page,https://thefivestar.com/fsi-lander-google/
page,https://thefivestar.com/fsi-lander-fb/
page,https://thefivestar.com/fsi-lander/
page,https://thefivestar.com/amaa-directory/
page,https://thefivestar.com/covid-19-press-release/
page,https://thefivestar.com/resources/
page,https://thefivestar.com/havana-nights/
page,https://thefivestar.com/2021-five-star-conference-marketing-assets/
page,https://thefivestar.com/2022-di-symposium-lander/
page,https://thefivestar.com/2022-government-forum-lander/
page,https://thefivestar.com/havana-nights-landing/
page,https://thefivestar.com/event-photos/
page,https://thefivestar.com/conferences/legal-league-servicers-summit/
page,https://thefivestar.com/conferences/government-forum/
page,https://thefivestar.com/cloud-nine/
page,https://thefivestar.com/cloud-nine-landing/
page,https://thefivestar.com/conferences/single-family-rental-summit/
page,https://thefivestar.com/sfr-certification/
page,https://thefivestar.com/five-star-event-speaker-and-sponsor-assets/
page,https://thefivestar.com/single-family-rental-summit-assets/
page,https://thefivestar.com/government-forum-assets/
page,https://thefivestar.com/gf-event-assets/
page,https://thefivestar.com/diversity-inclusion-symposium-assets/
page,https://thefivestar.com/legal-league-100-servicer-summit-assets/
page,https://thefivestar.com/motown-throwdown/
page,https://thefivestar.com/contact-update/
page,https://thefivestar.com/privacy/
page,https://thefivestar.com/rockin-in-the-rockies/
page,https://thefivestar.com/confirmation/
post,https://thefivestar.com/blog/member-spotlight-jennifer-rogers/
post,https://thefivestar.com/blog/member-spotlight-steven-pagano/
post,https://thefivestar.com/blog/member-spotlight-kimberly-mcclinton/
post,https://thefivestar.com/blog/built-to-last/
post,https://thefivestar.com/blog/member-spotlight-michael-greenbaum/
post,https://thefivestar.com/blog/member-spotlight-michael-j-woods/
post,https://thefivestar.com/blog/member-spotlight-jose-morin/
post,https://thefivestar.com/blog/member-spotlight-jane-bond/
post,https://thefivestar.com/blog/member-spotlight-jennifer-l-kuhn/
post,https://thefivestar.com/blog/member-spotlight-stephen-hladik/
post,https://thefivestar.com/blog/member-spotlight-tai-christensen/
post,https://thefivestar.com/blog/dave-lucchino/
post,https://thefivestar.com/blog/nathan-bossers/
post,https://thefivestar.com/blog/bossers-and-mason/
post,https://thefivestar.com/blog/did-you-evolve-at-the-2022-five-star-conference/
post,https://thefivestar.com/blog/member-spotlight-jim-hastings/
post,https://thefivestar.com/blog/evolve-with-us/
post,https://thefivestar.com/blog/2022-five-star-conference/
post,https://thefivestar.com/blog/2022-single-family-rental-summit-dallas-tx/
post,https://thefivestar.com/blog/novemeber-3-mike-rawls/
post,https://thefivestar.com/blog/andy-beggins-bob-dowell/
post,https://thefivestar.com/blog/janet-loriot/
post,https://thefivestar.com/blog/kevin-palmer-september-2021/
post,https://thefivestar.com/blog/allen-shayanfekr/
post,https://thefivestar.com/blog/kevin-palmer/
post,https://thefivestar.com/blog/michael-ruiz/
post,https://thefivestar.com/blog/reed-jordan/
post,https://thefivestar.com/blog/frank-fuentes/
post,https://thefivestar.com/blog/tai-christensen/
post,https://thefivestar.com/blog/miki-adams/
post,https://thefivestar.com/blog/michele-kryczkowski/
post,https://thefivestar.com/blog/jesse-schwab/
post,https://thefivestar.com/blog/bryan-filkey/
post,https://thefivestar.com/blog/robert-hutchins/
post,https://thefivestar.com/blog/patricia-cook/
post,https://thefivestar.com/blog/brian-flaherty/
post,https://thefivestar.com/blog/rick-sharga/
post,https://thefivestar.com/blog/joe-iafigliola/
post,https://thefivestar.com/blog/joe-iafigliola-test/
post,https://thefivestar.com/blog/marissa-yaker/
post,https://thefivestar.com/blog/patrick-mcclain/
post,https://thefivestar.com/blog/candace-russell/
post,https://thefivestar.com/blog/elizabeth-squires/
post,https://thefivestar.com/blog/ds5-tim-rood/
post,https://thefivestar.com/blog/navigating-a-potential-bankruptcy-surge/
post,https://thefivestar.com/blog/anticipating-bankruptcies-in-2021-and-beyond/
post,https://thefivestar.com/blog/mark-mcardle/
post,https://thefivestar.com/blog/the-hon-brian-montgomery/
post,https://thefivestar.com/blog/baker-breedlove/
post,https://thefivestar.com/blog/tim-rood/
post,https://thefivestar.com/blog/mike-rawls/
post,https://thefivestar.com/blog/preparing-for-forbearance-exits/
post,https://thefivestar.com/blog/ds5-november-9/
post,https://thefivestar.com/blog/leveraging-technology-in-the-housing-industry/
post,https://thefivestar.com/blog/how-covid-19-challenges-are-prompting-innovation/
post,https://thefivestar.com/blog/housing-forecasts-the-state-of-foreclosure-auctions/
post,https://thefivestar.com/blog/single-family-rental-investments-now-and-in-2021/
post,https://thefivestar.com/blog/preparing-homeowners-for-end-of-forbearance/
post,https://thefivestar.com/blog/residential-real-estate-investment-landscape-insights/
post,https://thefivestar.com/blog/industry-experts-discuss-the-importance-of-virtual-conferences/
post,https://thefivestar.com/blog/single-family-rental-investment-amid-covid-19/
post,https://thefivestar.com/blog/managing-employee-engagement-amid-covid-challenges/
post,https://thefivestar.com/blog/mortgage-servicers-government-reps-to-convene-for-five-star-virtual-conference/
post,https://thefivestar.com/blog/lessons-learned-from-working-remote/
post,https://thefivestar.com/blog/challenges-ahead-for-foreclosure-attorneys/
post,https://thefivestar.com/blog/staying-engaged-with-employees-during-covid-19/
post,https://thefivestar.com/blog/assisting-homeowners-in-forbearance/
post,https://thefivestar.com/blog/covid-19s-impact-on-migration-patterns/
post,https://thefivestar.com/blog/forecasting-the-future-of-housing/
post,https://thefivestar.com/blog/the-impact-of-reopening-the-economy-on-housing/
post,https://thefivestar.com/blog/protecting-homeowners-from-fraud/
post,https://thefivestar.com/blog/the-challenges-of-exiting-forbearance/
post,https://thefivestar.com/blog/techs-influence-on-the-mortgage-industry/
post,https://thefivestar.com/blog/re-evaluating-the-mortgage-business/
post,https://thefivestar.com/blog/optimism-in-mortgage-servicing/
post,https://thefivestar.com/blog/can-purchase-applications-continue-to-rise/
post,https://thefivestar.com/blog/covid-19s-impact-on-foreclosure-volumes/
post,https://thefivestar.com/blog/how-the-government-assists-mortgage-servicers/
post,https://thefivestar.com/blog/the-lasting-impacts-covid-19-could-have-on-housing/
post,https://thefivestar.com/blog/the-future-of-the-pass-through-assistance-program/
post,https://thefivestar.com/blog/how-technology-is-aiding-auctions/
post,https://thefivestar.com/blog/house-of-rep-candidate-discusses-housing-the-fed/
post,https://thefivestar.com/blog/the-assistance-servicers-need/
post,https://thefivestar.com/blog/the-mortgage-industry-work-life-balance/
post,https://thefivestar.com/blog/how-investors-are-adapting-to-market-shifts/
post,https://thefivestar.com/blog/industry-needs-to-attack-barriers-impeding-women-minorities/
post,https://thefivestar.com/blog/embracing-diversity-in-the-mortgage-industry/
post,https://thefivestar.com/blog/the-tightening-of-mortgage-eligibility/
post,https://thefivestar.com/blog/five-star-global-announces-complimentary-education-offerings/
post,https://thefivestar.com/blog/challenges-in-property-preservation/
post,https://thefivestar.com/blog/conservatorships-next-steps/
post,https://thefivestar.com/blog/is-the-refi-boom-here-to-last/
post,https://thefivestar.com/blog/non-qm-currently-paused/
post,https://thefivestar.com/blog/former-freddie-mac-ceo-discusses-market-stabilization/
post,https://thefivestar.com/blog/inside-the-industry-featuring-the-collingwood-group/
post,https://thefivestar.com/blog/how-servicers-are-adapting-tech-to-the-crisis/
post,https://thefivestar.com/blog/discussing-the-feds-plan-for-mortgage-backed-securities/
post,https://thefivestar.com/blog/we-are-united/
post,https://thefivestar.com/blog/economic-recovery-in-the-months-ahead/
post,https://thefivestar.com/blog/what-servicers-want-to-know/
post,https://thefivestar.com/blog/zoning-shifts-and-adapting-to-change/
post,https://thefivestar.com/blog/struggles-with-liquidity-and-remote-working/
post,https://thefivestar.com/blog/how-technology-and-the-fed-are-assisting-servicers/
post,https://thefivestar.com/blog/dr-mark-calabria/
post,https://thefivestar.com/blog/how-law-firms-are-assisting-with-loss-mitigation/
post,https://thefivestar.com/blog/how-servicers-vendors-can-be-better-prepared/
post,https://thefivestar.com/blog/industry-leaders-discuss-trends-challenges/
certification,https://thefivestar.com/blog/certification/default-servicer-certification-level-1/
certification,https://thefivestar.com/blog/certification/default-servicer-certification-level-2/
certification,https://thefivestar.com/blog/certification/broker-master-class/
certification,https://thefivestar.com/blog/certification/short-sales/
certification,https://thefivestar.com/blog/certification/real-estate-owned/
certification,https://thefivestar.com/blog/certification/foreclosure-sheriff-sales/
course,https://thefivestar.com/blog/course/default-servicer-certification-level-1/
course,https://thefivestar.com/blog/course/default-servicer-certification-level-2/
course,https://thefivestar.com/blog/course/judicial-v-non-judicial-states/
course,https://thefivestar.com/blog/course/advanced-foreclosure/
course,https://thefivestar.com/blog/course/foreclosure-101/
course,https://thefivestar.com/blog/course/advanced-bankruptcy/
course,https://thefivestar.com/blog/course/bankruptcy-101/
course,https://thefivestar.com/blog/course/broker-master-class/
course,https://thefivestar.com/blog/course/short-sales/
course,https://thefivestar.com/blog/course/real-estate-owned/
course,https://thefivestar.com/blog/course/foreclosure-sheriff-sales/
course,https://thefivestar.com/blog/course/uncommon-opportunities/
course,https://thefivestar.com/blog/course/flat-fee-real-estate-practices/
course,https://thefivestar.com/blog/course/preparing-for-hedge-funds/
course,https://thefivestar.com/blog/course/commercial-short-sales/
course,https://thefivestar.com/blog/course/relationships-with-local-lenders/
course,https://thefivestar.com/blog/course/comprehensive-main-scope-rehab/
course,https://thefivestar.com/blog/course/how-to-get-and-keep-hud-listings/
course,https://thefivestar.com/blog/course/short-sales-101/
course,https://thefivestar.com/blog/course/commercial-reo/
course,https://thefivestar.com/blog/course/reverse-mortgage-reo/
course,https://thefivestar.com/blog/course/bpos-and-arvs/
seminar,https://thefivestar.com/blog/seminar/understanding-dei-and-esg/
seminar,https://thefivestar.com/blog/seminar/real-life-scary-stories-of-reo/
seminar,https://thefivestar.com/blog/seminar/essential-information-for-your-loan-toolbox/
seminar,https://thefivestar.com/blog/seminar/reo-tasks-expense-tracking-simplified-force-member-exclusive/
seminar,https://thefivestar.com/blog/seminar/asset-managers-dos-and-donts-force-member-exclusive/
seminar,https://thefivestar.com/blog/seminar/non-destructive-door-entry-force-member-exclusive/
seminar,https://thefivestar.com/blog/seminar/how-to-build-a-resume/
seminar,https://thefivestar.com/blog/seminar/the-distinctions-of-reverse-mortgage-reo-force-member-exclusive/
seminar,https://thefivestar.com/blog/seminar/intro-to-reo/
seminar,https://thefivestar.com/blog/seminar/market-update/
seminar,https://thefivestar.com/blog/seminar/squatter-solutions-force-member-exclusive/
seminar,https://thefivestar.com/blog/seminar/products-you-need-to-know-about/
seminar,https://thefivestar.com/blog/seminar/learn-to-earn-on-the-new-five-star-academy/
seminar,https://thefivestar.com/blog/seminar/legal-league-seminar-update-on-national-disaster-relief/
seminar,https://thefivestar.com/blog/seminar/courting-success-tackling-litigation-in-default-servicing/
seminar,https://thefivestar.com/blog/seminar/navigating-the-mortgage-servicing-landscape-insights-from-government-agencies-and-enterprises/
seminar,https://thefivestar.com/blog/seminar/lets-talk-effectively-communicating-the-good-and-the-bad/
seminar,https://thefivestar.com/blog/seminar/current-state-of-the-haf-program/
seminar,https://thefivestar.com/blog/seminar/review-of-the-2021-amendments-to-regulation-f-fdcpa/
seminar,https://thefivestar.com/blog/seminar/the-electronic-explosion-esignatures-enotes-and-you/
seminar,https://thefivestar.com/blog/seminar/harmonizing-success-navigating-the-synergy-between-servicers-law-firms-and-investors-for-mutual-growth/
topic,https://thefivestar.com/blog/topic/bankruptcy/
topic,https://thefivestar.com/blog/topic/foreclosure/
topic,https://thefivestar.com/blog/topic/legal/
topic,https://thefivestar.com/blog/topic/litigation/
topic,https://thefivestar.com/blog/topic/regulation/
topic,https://thefivestar.com/blog/topic/servicing/
topic,https://thefivestar.com/blog/topic/short-sale/
topic,https://thefivestar.com/blog/topic/reo/
topic,https://thefivestar.com/blog/topic/commercial/
topic,https://thefivestar.com/blog/topic/lending/
topic,https://thefivestar.com/blog/topic/alternate-revenue-stream/
topic,https://thefivestar.com/blog/topic/real-estate/
topic,https://thefivestar.com/blog/topic/hedge-funds/
topic,https://thefivestar.com/blog/topic/rehab/
topic,https://thefivestar.com/blog/topic/dei/
profession,https://thefivestar.com/blog/profession/attorneys/
profession,https://thefivestar.com/blog/profession/gses/
profession,https://thefivestar.com/blog/profession/lenders/
profession,https://thefivestar.com/blog/profession/servicers/
profession,https://thefivestar.com/blog/profession/real-estate-agents-brokers/
access,https://thefivestar.com/blog/access/lenders/
access,https://thefivestar.com/blog/access/servicers-gses/
access,https://thefivestar.com/blog/access/legal-league-members/
access,https://thefivestar.com/blog/access/open-to-realtors/
access,https://thefivestar.com/blog/access/open-to-all/
access,https://thefivestar.com/blog/access/force-members/
dt_testimonials,https://thefivestar.com/dt_testimonials/gina-gallutia/
dt_testimonials,https://thefivestar.com/dt_testimonials/james-green/
dt_testimonials,https://thefivestar.com/dt_testimonials/alex-windfree/
dt_testimonials,https://thefivestar.com/dt_testimonials/miriam-gray/
dt_testimonials,https://thefivestar.com/dt_testimonials/alex-redmind/
dt_testimonials,https://thefivestar.com/dt_testimonials/richard-remmington/
dt_testimonials,https://thefivestar.com/dt_testimonials/helen-blackwood/
dt_testimonials,https://thefivestar.com/dt_testimonials/robert-greenfield/
dt_testimonials,https://thefivestar.com/dt_testimonials/rachel-smith/
dt_testimonials,https://thefivestar.com/dt_testimonials/alex-smith/
dt_testimonials,https://thefivestar.com/dt_testimonials/diana-jones/
dt_team,https://thefivestar.com/dt_team/jeffrey-tesch-ceo-rcn-capital-host/
dt_team,https://thefivestar.com/dt_team/stuart-denyer-co-founder-and-ceo-new-western/
dt_team,https://thefivestar.com/dt_team/eric-delgado-director-mcm-capital/
dt_team,https://thefivestar.com/dt_team/martin-chera-president-express-capital/
dt_team,https://thefivestar.com/dt_team/rudy-casanova-president-rainmaker-solutions/
dt_gallery,https://thefivestar.com/dt_gallery/our-gallery/
post-archive,https://thefivestar.com/dt_testimonials/
post-archive,https://thefivestar.com/dt_team/
post-archive,https://thefivestar.com/dt_gallery/
post-archive,https://thefivestar.com/blog/certification/
post-archive,https://thefivestar.com/blog/course/
post-archive,https://thefivestar.com/blog/seminar/
category,https://thefivestar.com/blog/category/ds5/
category,https://thefivestar.com/blog/category/fsvc2020/
category,https://thefivestar.com/blog/category/press-release/
category,https://thefivestar.com/blog/category/fsi-events/
category,https://thefivestar.com/blog/category/members/
